,Gene,Low Samples,Low Expression Mean,High Samples,High Expression Mean,T-Stat,P-Value
0,MYOD1,49,0.0,11,0.0824477366910435,-5.323440856761148,1.7215260093205602e-06
1,PER2,36,0.8731582612647342,24,1.6761417972635186,-8.76729782133158,3.216762880580791e-12
2,MUC1,34,1.0113251286625002,26,2.653289235435534,-10.112374526226375,2.048195073207779e-14
3,KMT2A,32,3.115892100856315,28,3.9774082361315446,-10.32035288722951,9.522601979211515e-15
4,BRD7,30,4.878371982682706,30,5.5206270063747205,-8.103811568645668,4.1037938373666014e-11
5,SUDS3,27,3.4760033261465915,33,4.310876177109799,-9.840887196291574,5.6050749957238326e-14
6,WDR5,27,4.131250290027431,33,5.00372702653326,-8.979345368436908,1.4343236025636108e-12
7,EPC1,27,2.72337477138968,33,3.423669391785135,-9.51934238123992,1.8647230270880032e-13
8,HELLS,27,3.4401788483016156,33,4.470972121495365,-10.061322281824589,2.473600156096085e-14
9,NCOR1,26,4.427149962950517,34,5.181913660323023,-9.92429632151764,4.1105616193532143e-14
10,NPM2,26,0.0387389568054965,34,1.8357382089050192,-5.808826955682632,2.810213948828696e-07
11,RTF1,26,3.7330605494230147,34,4.592182005825147,-9.84795003014446,5.4596534742015494e-14
12,PAF1,25,4.6173652140945185,35,5.599664273836166,-10.942537656208348,9.917233307642702e-16
13,MTF2,24,3.199423845312282,36,4.018221639937604,-9.994839545626295,3.164026192327769e-14
14,KDM8,23,1.154938014709033,37,1.7852155475385216,-10.642283605606734,2.937875854151005e-15
15,KMT5A,23,4.078990847158272,37,5.253217002317945,-10.570451810033848,3.8154460810233364e-15
16,SAFB,22,5.041279121162957,38,6.190956405385965,-13.09531827433385,5.709646357479454e-19
17,MBD3,22,3.6446064870263695,38,5.5936261581123725,-12.753334786781874,1.7954465339174977e-18
18,ARID3A,22,1.3120391321319975,38,2.567777430110144,-9.762753057361612,7.499358497627071e-14
19,AUTS2,22,0.24771559038110286,38,2.652388394815264,-9.933824968875653,3.967666661027958e-14
20,GATA2,22,0.5087201675019447,38,2.7613521888803634,-12.397988799310632,5.999114959628614e-18
21,DDX11,21,3.7931465812373917,39,5.245712788107148,-9.021558308193729,1.2217907382932929e-12
22,MCRS1,20,4.93377849647941,40,5.689103891377226,-9.113875999678816,8.60780416152917e-13
23,SMARCE1,20,6.02080400432778,40,6.595657409047229,-7.939735958907962,7.728879785787888e-11
24,MSL1,19,4.929281530359397,41,5.668943767633625,-9.44018542095773,2.5106820275210445e-13
25,PAXBP1,19,3.378393579767069,41,4.440130318368781,-8.352328285211502,1.5766671957604892e-11
26,CREBBP,19,2.9321862163358245,41,4.07049104984688,-9.455822642815733,2.367298249836785e-13
27,INO80,19,2.800418437799152,41,3.752565786241179,-8.479493577252747,9.676133392583116e-12
28,RBBP7,18,6.087642002790173,42,7.258882553020857,-10.423820629005899,6.517107213403117e-15
29,SETD5,18,4.399906244619179,42,5.523094056319746,-10.51858241213313,4.609691077459978e-15
30,TAF1,17,3.399017707107848,43,4.419236937561337,-10.12294757878741,1.969757385939616e-14
31,BAZ2B,17,2.4392874570909306,43,3.726193965912841,-9.155178487414132,7.36106200378448e-13
32,MTHFR,17,1.861027475572811,43,2.9062816094231736,-8.866723606474858,2.201736211201937e-12
33,HDAC3,16,5.089572328143637,44,5.942426762544273,-9.23806228296823,5.379815754154899e-13
34,MSL2,16,2.554032765470298,44,3.31554141647082,-8.329174872754221,1.723410565653749e-11
35,GATAD2A,16,4.00516554002467,44,5.239775240125962,-11.45240242962343,1.6078679794043158e-16
36,BRPF3,16,2.964754451073016,44,4.131519499805888,-9.752633186519976,7.787901245536066e-14
37,INCENP,15,3.7990169949747856,45,5.304694967575411,-8.149095730241642,3.446587855844222e-11
38,BAZ2A,15,3.8092736097446847,45,5.060381433666734,-10.769327913226304,1.8531425366892974e-15
39,ZBTB33,15,2.6121697589280464,45,3.7266166625377646,-9.009782262670788,1.2776762647067504e-12
40,NAA50,15,5.880285317268576,45,6.9173139262449554,-8.769898743755133,3.184988257314434e-12
41,TAF2,15,3.5800504884614837,45,4.4625190563107795,-7.9127526363886975,8.577716895611034e-11
42,SIRT4,14,0.3978598022338291,46,1.1899160321141626,-8.098782174305446,4.1841386121571083e-11
43,ACTL6A,14,5.845903753868383,46,6.641840390457668,-8.38672053352424,1.381511045636682e-11
44,ELK4,13,2.5289382411819266,47,3.393362223492525,-7.530895834076511,3.7556789147431604e-10
45,SNW1,13,5.309790957763638,47,6.074074860181232,-7.3208282069599955,8.469630704855756e-10
46,JMJD4,13,3.0122835629581095,47,4.175561029213438,-9.402188204220122,2.8966076735243013e-13
47,KDM4A,13,3.5750342769421732,47,4.498492054071085,-7.629851307815866,2.5607859949859804e-10
48,TAF12,13,3.803810896265035,47,4.729878191510692,-9.077580888670408,9.877723050186454e-13
49,HMGN2,13,8.1515068678378,47,9.087049163994736,-7.048658704267452,2.4283534859424403e-09
50,TAF10,13,5.80206622123659,47,7.025096907638841,-8.00974149177946,5.898723844215416e-11
51,DYDC2,13,0.0,47,0.5995089899066098,-2.594085004323879,0.01198863188879644
52,ATF2,13,3.53556017701034,47,4.269688416538176,-8.134443912936902,3.6467764818209276e-11
53,IWS1,12,4.472047122409264,48,5.368526824826129,-9.586724712962937,1.4482870979158499e-13
54,NOC2L,12,5.460739240662551,48,6.765409157389324,-8.799620147633663,2.8435276342835033e-12
55,SCMH1,12,3.3417575109810493,48,4.162585521224116,-7.9887840324385975,6.395631291062612e-11
56,NTMT1,12,4.724274775862486,48,5.79880929004759,-7.623989467955824,2.619531415484313e-10
57,LDB1,12,4.180607904181268,48,5.1905272954791135,-9.44096023085958,2.503375867093515e-13
58,PHF20L1,12,3.4568977625916926,48,4.526121714744788,-6.3308550183176315,3.8580637617209575e-08
59,SMYD5,12,3.830817658236126,48,4.620956460337197,-7.504812939097548,4.1546519683375133e-10
60,ACTB,11,10.226402640601721,49,11.423287471635465,-7.904947004394417,8.840257105350109e-11
61,MAP3K7,11,3.3773183200491173,49,4.195115009912429,-9.117352578195256,8.495134068922996e-13
62,PRMT3,11,3.5755969794528095,49,4.456882102560946,-7.07209995911861,2.2178533618491327e-09
63,MORF4L1,10,7.671907672417211,50,8.923179510579386,-8.461698116510622,1.0359766473936099e-11
64,RNF40,10,4.6912822400540115,50,5.5106673336561345,-8.771289627233998,3.1681259118959172e-12
65,WDR5B,10,1.5638431289846682,50,2.505997179262188,-6.111003225943775,8.935763405878973e-08
66,NAP1L4,10,5.776169801603449,50,6.670063344108255,-6.420551488074318,2.735379556583759e-08
67,HIRIP3,10,3.767972726870309,50,4.83367496218552,-7.950240236423205,7.421679059275304e-11
68,BRMS1L,9,2.190990974491525,51,3.241067067840285,-7.539449463224212,3.633374615606914e-10
69,CHD1,8,3.6732253962899786,52,4.687242849308774,-6.977843374088696,3.1933031240421806e-09
70,TAF9,8,5.598436377153757,52,6.711325554630087,-7.226615780409974,1.2197043699846598e-09
71,PBRM1,8,2.8573947083930165,52,4.346593370028537,-8.066971828759337,4.7301576099505355e-11
72,SMARCAL1,8,2.9992646404336196,52,3.856966583117723,-8.291194031944103,1.9944118153122738e-11
73,USP22,7,4.994858286293285,53,6.277061429855798,-7.260776447877421,1.0686282221889354e-09
74,PHC1,7,2.6538262697003896,53,3.919421045660457,-7.420025090462172,5.768743542259639e-10
75,LPIN1,6,3.057911867714434,54,4.39540910158645,-4.6351877003543445,2.0692210905683896e-05
76,BCL6,6,1.7755470815173544,54,3.6683554731123253,-6.6704702758213035,1.0461077621421488e-08
77,KDM4D,5,0.42617248081752795,55,1.0545611517574136,-3.9612571550782674,0.00020649841790991677
78,SMARCD3,4,2.04738681030051,56,4.143110090207527,-5.399190362175993,1.3008868616803904e-06
79,ZNHIT1,4,6.076083318813623,56,7.331700267604694,-4.768883418016753,1.288573253463871e-05
80,HSPBAP1,3,2.0198220122998296,57,3.2113091078634333,-4.597555660211505,2.3621263974476517e-05
81,SMARCA1,2,1.4305806828766992,58,4.186066883529916,-4.3554284326425465,5.479071626216009e-05
82,PRKD1,2,0.07722679633993625,58,3.3541340190170468,-5.856146123289786,2.3504260289843033e-07
83,APP,2,5.508202820802003,58,8.764345142805968,-8.163939168703283,3.2550161463571586e-11
84,LMNA,1,5.841218373923888,59,8.872265253379142,,
85,KDM3A,1,3.560714954474479,59,4.6191564514826196,,
86,APBB1,0,,60,4.15424505458106,,
